{
	"song": {
		"player1": "bf-christmas",
		"gfVersion": "gf-christmas",
		"notes": [
			{
				"sectionNotes": [
					[
						391.304347826087,
						0,
						130.434782608696
					],
					[
						652.173913043478,
						1,
						0
					],
					[
						913.04347826087,
						3,
						0
					],
					[
						1304.34782608696,
						1,
						0
					],
					[
						1695.65217391304,
						2,
						0
					],
					[
						1956.52173913043,
						1,
						0
					],
					[
						1043.47826086957,
						2,
						130.434782608696
					]
				],
				"typeOfSection": 0,
				"lengthInSteps": 16,
				"gfSection": false,
				"altAnim": false,
				"mustHitSection": false,
				"changeBPM": false,
				"bpm": 150
			},
			{
				"sectionNotes": [
					[
						2086.95652173913,
						0,
						0
					],
					[
						2347.82608695652,
						1,
						0
					],
					[
						2608.69565217391,
						3,
						0
					],
					[
						2739.13043478261,
						1,
						130.434782608696
					],
					[
						3000,
						0,
						0
					],
					[
						3260.86956521739,
						1,
						130.434782608696
					],
					[
						3521.73913043478,
						2,
						0
					],
					[
						3717.39130434783,
						3,
						0
					],
					[
						3913.04347826087,
						1,
						0
					],
					[
						4043.47826086957,
						3,
						0
					]
				],
				"typeOfSection": 0,
				"lengthInSteps": 16,
				"gfSection": false,
				"altAnim": false,
				"mustHitSection": false,
				"changeBPM": false,
				"bpm": 150
			},
			{
				"sectionNotes": [
					[
						4173.91304347826,
						0,
						130.434782608696
					],
					[
						4434.78260869565,
						1,
						0
					],
					[
						4695.65217391304,
						1,
						0
					],
					[
						4956.52173913043,
						3,
						0
					],
					[
						5086.95652173913,
						1,
						0
					],
					[
						5217.39130434783,
						3,
						0
					],
					[
						5478.26086956522,
						1,
						0
					],
					[
						5608.69565217391,
						1,
						0
					],
					[
						5739.13043478261,
						3,
						130.434782608696
					],
					[
						6000,
						1,
						130.434782608696
					]
				],
				"typeOfSection": 0,
				"lengthInSteps": 16,
				"gfSection": false,
				"altAnim": false,
				"mustHitSection": false,
				"changeBPM": false,
				"bpm": 150
			},
			{
				"sectionNotes": [
					[
						6260.86956521739,
						0,
						130.434782608696
					],
					[
						6586.95652173913,
						1,
						0
					],
					[
						6782.60869565217,
						0,
						0
					],
					[
						7043.47826086957,
						1,
						0
					],
					[
						7304.34782608696,
						2,
						130.434782608696
					],
					[
						7565.21739130435,
						2,
						0
					],
					[
						7826.08695652174,
						0,
						0
					],
					[
						8086.95652173913,
						1,
						130.434782608696
					]
				],
				"typeOfSection": 0,
				"lengthInSteps": 16,
				"gfSection": false,
				"altAnim": false,
				"mustHitSection": false,
				"changeBPM": false,
				"bpm": 150
			},
			{
				"sectionNotes": [
					[
						8739.13043478261,
						0,
						130.434782608696
					],
					[
						9000,
						1,
						0
					],
					[
						9260.86956521739,
						3,
						0
					],
					[
						9652.17391304348,
						1,
						0
					],
					[
						10043.4782608696,
						2,
						0
					],
					[
						10304.347826087,
						1,
						0
					],
					[
						9391.30434782609,
						2,
						130.434782608696
					],
					[
						8739.13043478261,
						3,
						0,
						"Snow Note"
					],
					[
						10043.4782608696,
						0,
						0,
						"Snow Note"
					]
				],
				"typeOfSection": 0,
				"lengthInSteps": 16,
				"gfSection": false,
				"altAnim": false,
				"mustHitSection": true,
				"changeBPM": false,
				"bpm": 150
			},
			{
				"sectionNotes": [
					[
						10434.7826086957,
						0,
						0
					],
					[
						10695.652173913,
						1,
						0
					],
					[
						11347.8260869565,
						0,
						0
					],
					[
						11608.6956521739,
						1,
						130.434782608696
					],
					[
						11869.5652173913,
						2,
						0
					],
					[
						12065.2173913043,
						3,
						0
					],
					[
						12260.8695652174,
						1,
						0
					],
					[
						12391.3043478261,
						3,
						0
					],
					[
						10826.0869565217,
						3,
						0
					],
					[
						10956.5217391304,
						1,
						260.869565217391
					],
					[
						11347.8260869565,
						3,
						0,
						"Snow Note"
					]
				],
				"typeOfSection": 0,
				"lengthInSteps": 16,
				"gfSection": false,
				"altAnim": false,
				"mustHitSection": true,
				"changeBPM": false,
				"bpm": 150
			},
			{
				"sectionNotes": [
					[
						12521.7391304348,
						0,
						130.434782608696
					],
					[
						12782.6086956522,
						1,
						0
					],
					[
						13043.4782608696,
						1,
						0
					],
					[
						13304.347826087,
						3,
						0
					],
					[
						13434.7826086957,
						1,
						0
					],
					[
						13565.2173913043,
						3,
						0
					],
					[
						13826.0869565217,
						1,
						0
					],
					[
						13956.5217391304,
						1,
						0
					],
					[
						14086.9565217391,
						3,
						130.434782608696
					],
					[
						14347.8260869565,
						1,
						130.434782608696
					],
					[
						12521.7391304348,
						3,
						0,
						"Snow Note"
					]
				],
				"typeOfSection": 0,
				"lengthInSteps": 16,
				"gfSection": false,
				"altAnim": false,
				"mustHitSection": true,
				"changeBPM": false,
				"bpm": 150
			},
			{
				"sectionNotes": [
					[
						14608.6956521739,
						0,
						130.434782608696
					],
					[
						14934.7826086957,
						1,
						0
					],
					[
						15130.4347826087,
						0,
						0
					],
					[
						15391.3043478261,
						1,
						0
					],
					[
						15652.1739130435,
						2,
						130.434782608696
					],
					[
						15913.0434782609,
						2,
						0
					],
					[
						16173.9130434783,
						0,
						0
					],
					[
						16434.7826086957,
						1,
						130.434782608696
					],
					[
						14869.5652173913,
						3,
						0,
						"Snow Note"
					],
					[
						16434.7826086957,
						3,
						0,
						"Snow Note"
					]
				],
				"typeOfSection": 0,
				"lengthInSteps": 16,
				"gfSection": false,
				"altAnim": false,
				"mustHitSection": true,
				"changeBPM": false,
				"bpm": 150
			},
			{
				"sectionNotes": [],
				"typeOfSection": 0,
				"lengthInSteps": 16,
				"gfSection": false,
				"altAnim": false,
				"mustHitSection": true,
				"changeBPM": false,
				"bpm": 150
			},
			{
				"sectionNotes": [],
				"typeOfSection": 0,
				"lengthInSteps": 16,
				"gfSection": false,
				"altAnim": false,
				"mustHitSection": true,
				"changeBPM": false,
				"bpm": 150
			},
			{
				"sectionNotes": [],
				"typeOfSection": 0,
				"lengthInSteps": 16,
				"gfSection": false,
				"altAnim": false,
				"mustHitSection": true,
				"changeBPM": false,
				"bpm": 150
			},
			{
				"sectionNotes": [],
				"typeOfSection": 0,
				"lengthInSteps": 16,
				"gfSection": false,
				"altAnim": false,
				"mustHitSection": true,
				"changeBPM": false,
				"bpm": 150
			},
			{
				"sectionNotes": [],
				"typeOfSection": 0,
				"lengthInSteps": 16,
				"gfSection": false,
				"altAnim": false,
				"mustHitSection": true,
				"changeBPM": false,
				"bpm": 150
			},
			{
				"sectionNotes": [],
				"typeOfSection": 0,
				"lengthInSteps": 16,
				"gfSection": false,
				"altAnim": false,
				"mustHitSection": true,
				"changeBPM": false,
				"bpm": 150
			},
			{
				"sectionNotes": [],
				"typeOfSection": 0,
				"lengthInSteps": 16,
				"gfSection": false,
				"altAnim": false,
				"mustHitSection": true,
				"changeBPM": false,
				"bpm": 150
			},
			{
				"sectionNotes": [],
				"typeOfSection": 0,
				"lengthInSteps": 16,
				"gfSection": false,
				"altAnim": false,
				"mustHitSection": true,
				"changeBPM": false,
				"bpm": 115
			},
			{
				"sectionNotes": [],
				"typeOfSection": 0,
				"lengthInSteps": 16,